month,ret_window,up_bound,down_bound,up_win_rate,down_win_rate,up_mean_ret,down_mean_ret,up_signal_rate,down_signal_rate,weighted_ret,total_sample,zero_rate
202304,15s,0.5947987649824316,0.6033096940913389,0.7116469413049494,0.7286421246627535,0.00019454718752414735,-0.0001884567769809534,0.3646529335913577,0.3800809956942736,0.00014275500031441996,16419.513043478262,0.33473283024705025
202305,15s,0.5895677772255646,0.6055748109852104,0.7114088464339227,0.7318200680582404,0.00017452420186374784,-0.0001699673795131565,0.37064497642761457,0.37886090751778373,0.00012863405440859043,16768.672413793105,0.36193753221044866
202306,15s,0.5838565083909676,0.6023311719401873,0.7129243716424812,0.7324570799692368,0.0001697064978272718,-0.00016633334653062265,0.38188503466939133,0.37171057757150594,0.0001265856359433897,17705.66956521739,0.36948543656445587
202307,15s,0.5829772607364035,0.5988536191828124,0.7198461198519971,0.7367879728750524,0.00014569534660887915,-0.00014223071583204796,0.3771363672924934,0.37591602711741817,0.00010819222122550638,14977.898230088496,0.41318062058891797
202308,15s,0.5870336315108905,0.5992213788445786,0.7112068579351615,0.7275465601218,0.00016419890507974675,-0.00015788263403973413,0.3667180823971626,0.3932045794320939,0.00012177370193690326,19440.635555555556,0.3682431598722951
202309,15s,0.5882649784512307,0.6004917300108766,0.7106064861829556,0.7462245232895527,0.00012848635837158754,-0.0001348583297451302,0.39047678074969144,0.3615618890091536,9.874382520060022e-05,17625.765486725664,0.4308652791201636
202310,15s,0.5896237970526317,0.6009958450199085,0.7119113544044071,0.7355240130452316,0.0001517288925385798,-0.00015327000357560555,0.38393795828487065,0.3691085066282269,0.00011466963797630455,15002.941704035875,0.397774220914579
202311,15s,0.5884460947935296,0.5972095354366043,0.7219402088851277,0.7539564653799791,0.00012673151403600705,-0.00013362878906020268,0.3868139650880514,0.36026567669160015,9.688756391778836e-05,19408.853211009173,0.4390980187868506
202304,60s,0.6617837226818881,0.6883583511796958,0.7000228613237812,0.7227697939768597,0.00045868046075273565,-0.00044341530013157086,0.17209621409028214,0.18504155747293471,0.0001602888983510422,16414.534782608695,0.17299648006806942
202305,60s,0.6580951536571862,0.6920914085811402,0.6925243616542871,0.7271003692761686,0.00039640652977439956,-0.0003882335797630418,0.18897149543486397,0.1834842334881415,0.0001450742401374622,16763.318965517243,0.18348357816453661
202306,60s,0.6471036727011998,0.6866436860434639,0.6900005356651215,0.7193182980155094,0.000374903619919147,-0.0003608983498373813,0.20068281126471912,0.1749428601545167,0.00013806171462674158,17700.74347826087,0.1961362677387355
202307,60s,0.6421936190827287,0.6784936109768542,0.6980168438715263,0.7230923599683968,0.0003217605516993487,-0.00031249695002753765,0.19788623654775558,0.18242026681206808,0.00011968467710583439,14973.522123893805,0.2247329553014774
202308,60s,0.6463559776640734,0.6790102250735399,0.6779695617271994,0.7073464071332858,0.00034264210946708583,-0.0003329603750861529,0.18987335773715258,0.20530753525061854,0.0001322338382872681,19435.173333333332,0.18139993130779897
202309,60s,0.6439547471512664,0.6767220257475646,0.6793888804516837,0.7245195171999647,0.0002630892989295969,-0.00028159414480532347,0.21059364977976497,0.17070930915001484,0.00010283523588244876,17620.305309734515,0.23553525150046886
202310,60s,0.6433911580865161,0.6776881593915979,0.6826568599883102,0.7154153769547017,0.0003132415574238673,-0.0003230390602835381,0.20464597097632203,0.1731845794946895,0.00011959138007215382,14998.340807174887,0.20995691490772483
202311,60s,0.6390898547110746,0.6724954926893608,0.6982064658496492,0.7384753410693913,0.0002709679086286385,-0.0002930513179274532,0.20563847467742433,0.1624144460892092,0.00010238794634964862,19402.995412844037,0.24151249419276177
202304,120s,0.6720382235409608,0.7011533442966907,0.6835829302503551,0.7058553888786241,0.0006195031987565296,-0.0006121916966673296,0.08343641702884742,0.09338984977494573,0.00010774628715230551,16340.695652173914,0.11907445007575639
202305,120s,0.6684957690286957,0.7057982729442295,0.6747107760380119,0.7069135163741836,0.0005352158928354638,-0.0005254815435538892,0.09683180457159811,0.09238108120495946,9.907211028975579e-05,16687.370689655174,0.12436254595410323
202306,120s,0.6558611399673024,0.6991016043962006,0.6738111869541316,0.7037259028433359,0.0005094957717178783,-0.0004918782576873591,0.10739787523991307,0.08424811115242055,9.545217589563358e-05,17620.878260869566,0.13728066796087313
202307,120s,0.6515778405305412,0.6910835193957205,0.681652550357942,0.7020695093930072,0.00043777808160495174,-0.0004127164399377075,0.10029547059884095,0.09370228271670933,8.14313553305707e-05,14905.548672566372,0.15866707758913665
202308,120s,0.656153213840115,0.6917050350783936,0.6550104129525756,0.6877807230343859,0.00045365416350930793,-0.00044079281526682754,0.09976590993409981,0.10924709764159621,9.211286358232664e-05,19347.297777777778,0.12356154915102116
202309,120s,0.6517838613730856,0.6894805332294605,0.6597216739421407,0.7015094311092828,0.00034722266168322894,-0.0003687951498506925,0.11110697939322113,0.08278494210037893,6.844239118905826e-05,17540.402654867255,0.16722231437340734
202310,120s,0.6496146705472803,0.6894886847381685,0.6622224154110334,0.6934209725345717,0.0004148881512687897,-0.0004232178899706067,0.11211163670182614,0.08316303965688293,8.11822301046177e-05,14930.452914798207,0.14783398153733487
202311,120s,0.6446314164273795,0.6845037357954933,0.6796012213224943,0.7140676882619084,0.00036364951539454677,-0.0003848210948058261,0.11043913671926595,0.0763801503190952,6.837233094645835e-05,19315.05504587156,0.171341079220595
202304,300s,0.6617578102522861,0.6941746754837195,0.6363659353791192,0.6737797829278017,0.0007735710319061318,-0.0008647126689378441,0.04071684798694638,0.049726886985106876,7.262553190856513e-05,16119.865217391305,0.07276357342974323
202305,300s,0.6545551442451691,0.6997239521449052,0.6220421030984972,0.6642165205396398,0.0006446954464378391,-0.000690555447789359,0.058145357046460615,0.04012210661663765,6.261724667097072e-05,16460.17672413793,0.07474799133349654
202306,300s,0.6426897811031989,0.6945541490341844,0.6276327315012851,0.6613119185435429,0.000632441498454372,-0.0006228865943906291,0.0657078248574568,0.03512761198915475,6.089192062092659e-05,17381.734782608695,0.0851661214838023
202307,300s,0.6426850912582682,0.6872437058588595,0.6326179694648704,0.6583743548694779,0.0005268504611923919,-0.0005071836099620911,0.055553080406170866,0.044298366750441624,4.9181395862519504e-05,14702.274336283186,0.09997380178595351
202308,300s,0.6478214823548964,0.6864414565939849,0.5941599936037019,0.6508899388060283,0.0004995527759014565,-0.0005354428833836587,0.05581447224002756,0.05947362072563758,5.75653652092974e-05,19084.37777777778,0.07605390221278165
202309,300s,0.6389548248467263,0.6845101938226428,0.6101276175602366,0.652865990355728,0.00039986988031528786,-0.00044418297103877245,0.0624000653270142,0.03781000014711649,4.018685257861275e-05,17301.119469026547,0.10682575785443969
202310,300s,0.6357387631159221,0.6847172918952994,0.6185019118425003,0.6533251890043583,0.000521404891685929,-0.0005421339950584573,0.06993501243032575,0.03335529687956263,5.277041879403638e-05,14727.42600896861,0.09144331713257225
202311,300s,0.6323055460476602,0.6817268688497558,0.6219596658134283,0.6669346891024632,0.000413328343495634,-0.0004961977980005541,0.07079992186984183,0.03146018298754201,4.094582143032912e-05,19051.949541284404,0.10899832766233586
