"ticker","wind1","wind2","wind3","sw1","sw2","sw3","avg_price"
"000001.SZ",1,0,44,5,103,58,15.161022993797577
"000002.SZ",7,20,17,6,51,118,19.220951344944126
"000063.SZ",2,23,43,25,81,52,26.245445838197725
"000069.SZ",9,2,23,6,51,69,6.632118397113991
"000100.SZ",2,23,33,0,68,227,4.877812285552845
"000157.SZ",4,10,20,19,2,203,6.644218008035029
"000166.SZ",1,18,49,28,79,147,4.404708521765481
"000301.SZ",5,19,0,29,108,144,16.762775312563964
"000333.SZ",9,1,41,15,6,25,60.7796913212825
"000338.SZ",4,10,20,26,85,88,13.61985597587681
"000408.SZ",5,19,0,23,37,190,32.924233614988445
"000425.SZ",4,10,20,19,2,203,5.492639700718341
"000538.SZ",3,8,14,20,23,169,71.97681559127564
"000568.SZ",0,6,48,24,93,117,214.1993136166119
"000596.SZ",0,6,48,24,93,117,209.6827550248947
"000625.SZ",9,13,57,26,106,229,15.726457430112161
"000651.SZ",9,1,41,15,6,25,34.72541216090861
"000661.SZ",3,8,36,20,21,39,182.73841599183405
"000708.SZ",5,19,46,2,4,93,20.41411945016858
"000723.SZ",10,5,30,11,0,61,13.258297490485825
"000725.SZ",2,23,33,0,68,227,4.2587177304370485
"000733.SZ",2,23,33,1,87,63,117.56748469899975
"000768.SZ",4,10,55,1,56,47,28.55817847550987
"000776.SZ",1,18,49,28,79,147,18.236537457495434
"000786.SZ",5,19,35,13,11,48,31.519263886769323
"000792.SZ",5,19,0,23,37,190,30.89784260354108
"000800.SZ",9,13,57,26,116,198,9.368704190021823
"000858.SZ",0,6,48,24,93,117,178.66262343115974
"000876.SZ",0,6,38,7,94,212,16.001913333515656
"000877.SZ",5,19,35,13,55,64,13.512756819735078
"000895.SZ",0,6,38,24,18,40,29.323945251447444
"000938.SZ",2,23,4,3,88,231,20.074212987751068
"000963.SZ",3,17,50,20,27,199,38.542932835249836
"000977.SZ",2,23,4,3,52,202,28.746394369948394
"001289.SZ",6,4,1,12,20,119,24.425686669167625
"001979.SZ",7,20,17,6,51,69,13.72686678521729
"002001.SZ",3,8,14,20,27,3,28.036023899528857
"002007.SZ",3,8,36,20,21,10,21.635911741658106
"002008.SZ",2,23,33,19,70,23,35.57851923405282
"002027.SZ",9,14,39,9,113,81,6.583347335887124
"002032.SZ",9,1,41,15,16,6,52.45495062969137
"002049.SZ",2,22,6,0,35,228,197.16120144094216
"002050.SZ",4,10,20,15,100,161,22.640318022764177
"002064.SZ",5,19,0,23,72,181,8.806772612011722
"002074.SZ",4,10,24,27,99,230,39.28364262671463
"002120.SZ",4,21,45,8,38,105,17.63435659697112
"002129.SZ",2,22,6,27,75,7,46.684725598864276
"002142.SZ",1,0,44,5,76,83,35.72084058960471
"002179.SZ",2,23,33,1,87,63,76.62120182069808
"002180.SZ",2,22,6,0,35,228,46.7640632314184
"002202.SZ",4,10,24,27,42,197,13.888215652764243
"002230.SZ",2,15,34,3,102,152,43.11387988857584
"002236.SZ",2,23,33,3,52,59,17.326263210010517
"002241.SZ",2,23,33,0,78,19,37.3589780425157
"002252.SZ",3,8,36,20,21,14,6.30433150807462
"002271.SZ",5,19,35,13,11,120,45.74433042613764
"002304.SZ",0,6,48,24,93,117,159.63334208025879
"002311.SZ",0,6,38,7,19,219,62.443675901718265
"002352.SZ",4,21,45,8,38,105,53.20061025808813
"002371.SZ",2,22,6,0,35,80,274.22331495953694
"002410.SZ",2,15,34,3,102,180,52.334082702987395
"002414.SZ",2,23,33,1,87,63,16.038632618203447
"002415.SZ",2,23,33,3,52,59,37.19490506240688
"002459.SZ",2,22,6,27,75,15,82.73792998968075
"002460.SZ",5,19,46,4,22,43,122.18509545775865
"002466.SZ",5,19,46,4,22,43,96.95553385201191
"002475.SZ",2,23,33,0,78,19,35.38206424133604
"002493.SZ",5,19,0,29,108,144,15.97338043125683
"002555.SZ",2,15,34,9,10,148,22.63321299506866
"002594.SZ",9,13,57,26,106,99,277.0586292572046
"002600.SZ",2,23,33,0,78,19,5.312002483875852
"002601.SZ",5,19,0,23,84,89,22.1109019555667
"002602.SZ",2,15,34,9,10,148,5.89664123817207
"002648.SZ",5,19,0,23,84,242,35.68415051334537
"002709.SZ",5,19,0,27,99,183,64.85783699494337
"002714.SZ",0,6,38,7,94,212,56.03485957602978
"002736.SZ",1,18,49,28,79,147,10.140781410699192
"002756.SZ",5,19,46,4,22,43,126.93056637875443
"002812.SZ",5,19,0,27,99,183,227.95233591016304
"002821.SZ",3,8,14,20,44,123,291.8026899500829
"002841.SZ",2,23,33,0,78,135,75.18410337044583
"002916.SZ",2,23,33,0,119,145,100.89565577445832
"002920.SZ",9,13,54,3,102,180,135.58906424565487
"002938.SZ",2,23,33,0,119,145,31.167288710860877
"003816.SZ",6,4,1,12,20,222,2.8537430857909882
"300014.SZ",4,10,24,27,99,230,86.48162391349061
"300015.SZ",3,17,50,20,44,84,34.261285937363276
"300033.SZ",1,18,22,3,102,180,99.89308095947166
"300059.SZ",1,18,49,28,79,147,25.208941819215728
"300122.SZ",3,8,36,20,21,10,110.86612668012025
"300124.SZ",4,10,24,19,70,218,61.17754919544618
"300142.SZ",3,8,36,20,21,10,51.03684531513761
"300207.SZ",4,10,24,27,99,230,30.538555090093904
"300223.SZ",2,22,6,0,35,228,95.46641994264063
"300274.SZ",4,10,24,27,75,179,98.59762706791594
"300316.SZ",2,22,6,27,75,13,60.194001000494836
"300347.SZ",3,8,21,20,44,123,99.99306025703426
"300408.SZ",2,23,33,0,119,26,30.741493882960864
"300413.SZ",9,14,39,9,49,55,36.05437711081386
"300433.SZ",2,23,33,0,78,19,12.377562897143495
"300450.SZ",4,10,20,27,99,225,58.42223080052383
"300454.SZ",2,15,34,3,102,152,116.32739968605868
"300496.SZ",2,15,34,3,88,231,116.28860236933173
"300498.SZ",0,6,38,7,94,212,20.990735608318428
"300529.SZ",3,17,18,20,33,124,47.8741978713159
"300595.SZ",3,17,18,20,33,124,43.04564430083185
"300601.SZ",3,8,36,20,21,10,60.61457380141873
"300628.SZ",2,23,43,25,81,195,76.30454856468226
"300661.SZ",2,22,6,0,35,113,255.94463461451102
"300750.SZ",4,10,24,27,99,230,481.76390818562487
"300751.SZ",4,10,20,27,75,13,454.1913699516446
"300759.SZ",3,8,21,20,44,123,109.57919163860588
"300760.SZ",3,17,18,20,33,238,313.74541969612267
"300763.SZ",4,10,24,27,75,179,208.49199841673405
"300769.SZ",5,19,0,27,99,183,442.5694360648278
"300782.SZ",2,22,6,0,35,113,194.82423452952224
"300896.SZ",3,8,36,14,112,95,499.31608182463594
"300919.SZ",5,19,0,27,99,183,123.66970284918905
"300957.SZ",0,9,51,14,36,216,184.3151545501179
"300979.SZ",9,1,2,22,89,158,74.02488091024766
"300999.SZ",0,6,38,7,114,38,51.2841365744744
"600000.SH",1,0,44,5,103,58,8.120047090029349
"600009.SH",4,21,52,8,98,173,51.156087839227595
"600010.SH",5,19,46,2,48,98,2.3406981012797257
"600011.SH",6,4,9,12,20,11,7.541675550450074
"600015.SH",1,0,44,5,103,58,5.479129619615463
"600016.SH",1,0,44,5,103,58,3.8225927277935936
"600018.SH",4,21,52,8,17,209,5.9218837659184045
"600019.SH",5,19,46,2,48,98,6.802102671074976
"600025.SH",6,4,1,12,20,125,6.546875484328062
"600028.SH",10,5,30,29,108,144,4.282828754118681
"600029.SH",4,21,10,8,98,72,6.738228943260265
"600030.SH",1,18,49,28,79,147,21.573906121920427
"600031.SH",4,10,20,19,2,203,18.95775091656886
"600036.SH",1,0,44,5,103,58,42.51206246809639
"600039.SH",4,10,37,18,57,8,10.815842067331044
"600048.SH",7,20,17,6,51,118,16.460136038962197
"600050.SH",8,3,5,25,3,142,3.6487570987273963
"600061.SH",1,18,49,28,24,100,6.935070610004519
"600085.SH",3,8,14,20,23,169,45.787543510648746
"600089.SH",4,10,24,27,31,111,23.289084091676138
"600104.SH",9,13,57,26,106,229,17.751595007852078
"600111.SH",5,19,46,4,110,41,38.29391938880297
"600115.SH",4,21,10,8,98,72,5.066745840313842
"600132.SH",0,6,48,24,29,172,126.03727080882447
"600150.SH",4,10,20,1,25,45,19.906055567144463
"600176.SH",5,19,35,13,60,75,16.31327155713034
"600183.SH",2,23,33,0,119,145,18.055939160403604
"600188.SH",10,5,30,11,39,21,32.89936376284788
"600196.SH",3,8,14,20,27,199,47.22795409865323
"600219.SH",5,19,46,4,26,34,3.999148565345606
"600233.SH",4,21,45,8,38,105,18.058171656515057
"600276.SH",3,8,14,20,27,199,36.57897663225775
"600309.SH",5,19,0,23,8,213,88.0811374191407
"600332.SH",3,8,14,20,23,169,30.97037778096737
"600346.SH",5,19,0,29,108,144,22.832077530511878
"600362.SH",5,19,46,4,26,86,19.651831414649642
"600383.SH",7,20,17,6,51,118,12.97880233448235
"600406.SH",4,10,24,27,31,54,32.4417833933382
"600426.SH",5,19,0,23,37,42,31.214091016019886
"600436.SH",3,8,14,20,23,169,331.77325726315945
"600438.SH",2,22,6,27,75,7,48.10600382901082
"600460.SH",2,22,6,0,35,134,48.47128614840645
"600519.SH",0,6,48,24,93,117,1835.8661496874395
"600547.SH",5,19,46,4,40,104,19.77733607098121
"600570.SH",2,15,34,3,102,180,44.56243014645455
"600584.SH",2,22,6,0,35,49,25.583767083743453
"600585.SH",5,19,35,13,55,64,38.45899436812594
"600588.SH",2,15,34,3,102,152,24.504794677184005
"600600.SH",0,6,48,24,29,172,89.90281401198217
"600606.SH",7,20,17,6,51,118,4.467136032268103
"600660.SH",9,13,54,26,85,94,39.92004613675995
"600674.SH",6,4,9,12,20,125,12.024140829404045
"600690.SH",9,1,41,15,6,226,25.374636941223063
"600741.SH",9,13,54,26,85,94,22.77807061742697
"600745.SH",2,23,43,0,35,134,80.34305842301868
"600760.SH",4,10,55,1,56,47,56.238383854660476
"600763.SH",3,17,50,20,44,84,146.74788541390257
"600795.SH",6,4,9,12,20,11,3.3212664177740394
"600803.SH",6,4,58,12,15,51,17.543809643400387
"600809.SH",0,6,48,24,93,117,277.09150788677664
"600837.SH",1,18,49,28,79,147,10.410593376851402
"600845.SH",2,15,34,3,88,231,51.573644656262054
"600884.SH",5,19,0,27,99,183,27.12007996660235
"600886.SH",6,4,9,12,20,125,10.209186312523649
"600887.SH",0,6,38,24,71,87,37.95230236941711
"600893.SH",4,10,55,1,56,47,45.868253231577604
"600900.SH",6,4,9,12,20,125,23.210719226236503
"600905.SH",6,4,9,12,20,119,6.466456438807928
"600918.SH",1,18,49,28,79,147,8.112573510722962
"600919.SH",1,0,44,5,76,83,6.8392656486835595
"600926.SH",1,0,44,5,76,83,14.22638336716803
"600941.SH",8,3,5,25,3,142,60.965335726234656
"600958.SH",1,18,49,28,79,147,10.6862352647659
"600989.SH",5,19,0,23,84,129,15.639169294585397
"600999.SH",1,18,49,28,79,147,14.834238053642304
"601006.SH",4,21,11,8,90,121,6.702125729610518
"601009.SH",1,0,44,5,76,83,10.564616183910156
"601012.SH",2,22,6,27,75,15,69.22682025446753
"601021.SH",4,21,10,8,98,72,50.86685659105551
"601066.SH",1,18,49,28,79,147,26.08752511615895
"601088.SH",10,5,30,11,39,21,28.583539126719447
"601100.SH",4,10,20,19,2,156,59.20894268697625
"601111.SH",4,21,10,8,98,72,9.822676815822463
"601117.SH",5,19,0,18,107,192,9.890845829093697
"601138.SH",2,23,33,0,78,19,10.261893554447347
"601155.SH",7,20,17,6,51,69,27.10065806635884
"601166.SH",1,0,44,5,103,58,20.440066985963153
"601169.SH",1,0,44,5,76,83,4.509582052611943
"601186.SH",4,10,37,18,57,8,8.10722845282955
"601211.SH",1,18,49,28,79,147,16.087021052805145
"601216.SH",5,19,0,23,84,187,4.803857311104299
"601225.SH",10,5,30,11,39,21,16.65951772046249
"601229.SH",1,0,44,5,76,83,6.708442888879582
"601236.SH",1,18,49,28,79,147,9.722706349201038
"601238.SH",9,13,57,26,106,229,14.081362493235801
"601288.SH",1,0,44,5,5,157,3.004142770063528
"601318.SH",1,12,12,28,45,131,48.13909857244111
"601319.SH",1,12,12,28,45,131,4.764103837484381
"601328.SH",1,0,44,5,5,157,4.894378225961336
"601336.SH",1,12,12,28,45,131,33.91612408709459
"601360.SH",2,15,53,3,102,152,9.601207877643564
"601377.SH",1,18,49,28,79,147,7.526724364755405
"601390.SH",4,10,37,18,57,8,6.434603296526403
"601398.SH",1,0,44,5,5,157,4.680628140739438
"601600.SH",5,19,46,4,26,34,5.641268539427582
"601601.SH",1,12,12,28,45,131,24.01059230432599
"601615.SH",4,10,24,27,42,197,26.654493822217212
"601618.SH",4,10,37,18,107,96,3.8754881763906552
"601628.SH",1,12,12,28,45,131,28.06450201213501
"601633.SH",9,13,57,26,106,229,34.510025205265876
"601658.SH",1,0,44,5,5,157,5.3752671153700655
"601668.SH",4,10,37,18,80,74,5.512700917085694
"601669.SH",4,10,37,18,57,8,8.015902361194456
"601688.SH",1,18,49,28,79,147,15.235832528432853
"601689.SH",9,13,54,26,85,88,59.702374830400736
"601698.SH",8,3,5,1,92,166,11.894519792245072
"601728.SH",8,3,5,25,3,142,4.0241288240998285
"601766.SH",4,10,20,19,86,154,5.5162901606515415
"601788.SH",1,18,49,28,79,147,15.612634863910138
"601799.SH",9,13,54,26,85,94,150.686043058156
"601800.SH",4,10,37,18,57,8,9.615709538393917
"601808.SH",10,5,7,29,101,174,14.527826533037093
"601816.SH",4,21,11,8,90,121,4.88813321822046
"601818.SH",1,0,44,5,103,58,3.252169166027667
"601838.SH",1,0,44,5,76,83,15.25187606885085
"601857.SH",10,5,30,29,108,144,5.47024440658751
"601865.SH",5,19,35,27,75,57,43.789016494546395
"601868.SH",4,10,37,18,57,8,2.563892266405191
"601877.SH",4,10,24,27,31,126,39.33409187649385
"601878.SH",1,18,49,28,79,147,11.118450212235341
"601881.SH",1,18,49,28,79,147,9.885172238240207
"601888.SH",9,2,23,10,41,56,191.30691680431752
"601898.SH",10,5,30,11,39,21,8.524782006430657
"601899.SH",5,19,46,4,26,86,10.276650089499066
"601901.SH",1,18,49,28,79,147,6.894481822054678
"601919.SH",4,21,25,8,17,112,15.828177899023375
"601939.SH",1,0,44,5,5,157,6.036232554603718
"601966.SH",9,13,54,26,85,237,24.095718600429176
"601985.SH",6,4,1,12,20,222,7.316738471871782
"601988.SH",1,0,44,5,5,157,3.181052908500515
"601989.SH",4,10,55,1,25,45,3.838235566776755
"601995.SH",1,18,49,28,79,147,42.10669856203502
"601998.SH",1,0,44,5,103,58,4.784229916511367
"603019.SH",2,23,4,3,52,202,29.66074068839851
"603185.SH",4,10,20,27,75,13,144.53197129479062
"603195.SH",4,10,24,16,7,137,146.3590260910028
"603259.SH",3,8,21,20,44,123,101.29202738890083
"603260.SH",5,19,0,23,8,73,110.7920471364648
"603288.SH",0,6,38,24,97,67,87.28070420772444
"603290.SH",2,23,33,0,35,134,355.62331581867846
"603369.SH",0,6,48,24,93,117,47.09099790551381
"603392.SH",3,8,36,20,21,10,181.99165871548533
"603486.SH",9,1,41,15,16,30,113.86685801862757
"603501.SH",2,22,6,0,35,228,181.829047183163
"603659.SH",5,19,46,27,99,183,106.40468920218024
"603799.SH",5,19,46,4,22,223,94.41912956400662
"603806.SH",2,22,6,27,75,57,90.12933880165183
"603833.SH",9,1,41,16,7,185,126.73420257095383
"603882.SH",3,17,50,20,44,204,80.5240823109447
"603899.SH",4,7,15,16,91,76,51.96371526914695
"603986.SH",2,22,6,0,35,228,140.62709305155354
"603993.SH",5,19,46,4,110,211,5.475333930936328
"605117.SH",9,1,41,15,100,161,248.35576218786795
"605499.SH",0,6,48,24,71,149,151.17540418996632
"688005.SH",5,19,0,27,99,183,120.43558527380377
"688008.SH",2,22,6,0,35,228,65.18913262381797
"688012.SH",2,22,6,0,35,80,118.48732407484417
"688036.SH",2,23,43,0,78,135,99.39217096274244
"688065.SH",3,8,36,23,8,208,110.91089972176702
"688111.SH",2,15,34,3,102,152,205.3995943722067
"688126.SH",2,22,6,0,35,139,23.401119757092275
"688169.SH",9,1,41,15,16,30,592.7653159972862
"688187.SH",4,10,24,19,86,154,58.43907055049747
"688303.SH",2,22,6,27,75,7,62.02942383366569
"688363.SH",3,8,36,14,112,95,131.46339466934526
"688396.SH",2,22,6,0,35,128,55.4801240143782
"688561.SH",2,15,13,3,102,152,58.68971435854382
"688599.SH",2,22,6,27,75,15,63.63265573155544
"688981.SH",2,22,6,0,35,128,45.88492422235356
